{
  "config": {
    "data_path": "../data_movie/",
    "max_users": 20,
    "min_interactions": 20,
    "split_method": "ratio",
    "retain_ratio": 0.6,
    "forget_ratio": 0.2,
    "test_ratio": 0.2,
    "split_by": "users",
    "forget_user_ids": [
      1,
      2,
      3,
      4,
      5
    ],
    "test_ratio_user_list": 0.2,
    "batch_size": 128,
    "train_epochs": 10,
    "unlearn_epochs": 10,
    "learning_rate": 0.0001,
    "hidden_dim": 256,
    "gamma": 0.99,
    "unlearn_lr": 0.0001,
    "lambda_retain": 1.0,
    "grad_clip": 1.0,
    "seed": 42,
    "device": "cpu",
    "save_dir": "checkpoints/"
  },
  "baseline": {
    "test": {
      "mse": 118.49542236328125,
      "mae": 8.399112701416016,
      "mrr": 0.007850627747869468,
      "hit_rate@5": 0.007821229286491871,
      "ndcg@5": 0.0039840617750718016,
      "precision@5": 0.001564245903864503,
      "hit_rate@10": 0.013407820835709572,
      "ndcg@10": 0.005720774522431199,
      "precision@10": 0.0013407821534201503,
      "hit_rate@20": 0.024581005796790123,
      "ndcg@20": 0.008593549431593545,
      "precision@20": 0.0012290503364056349
    },
    "forget": {
      "mse": 14.391695022583008,
      "mae": 3.2320945262908936,
      "mrr": 0.025856055083789926,
      "hit_rate@5": 0.02631578966975212,
      "ndcg@5": 0.017856785582707223,
      "precision@5": 0.005263158120214939,
      "hit_rate@10": 0.03684210404753685,
      "ndcg@10": 0.021101495437705696,
      "precision@10": 0.0036842108238488436,
      "hit_rate@20": 0.0736842080950737,
      "ndcg@20": 0.030262309431785664,
      "precision@20": 0.0036842108238488436
    }
  },
  "after_learning": {
    "test": {
      "mse": 458.0948181152344,
      "mae": 18.770524978637695,
      "mrr": 0.003485965195112463,
      "hit_rate@5": 0.0022346368059515953,
      "ndcg@5": 0.0009908969913235103,
      "precision@5": 0.0004469273844733834,
      "hit_rate@10": 0.004469273611903191,
      "ndcg@10": 0.0016863139294812993,
      "precision@10": 0.0004469273844733834,
      "hit_rate@20": 0.012290502898395061,
      "ndcg@20": 0.0036535308992282182,
      "precision@20": 0.0006145251682028174
    },
    "forget": {
      "mse": 28.82738494873047,
      "mae": 4.74371337890625,
      "mrr": 0.007377505142794022,
      "hit_rate@5": 0.005263158120214939,
      "ndcg@5": 0.005263157894736842,
      "precision@5": 0.0010526316473260522,
      "hit_rate@10": 0.010526316240429878,
      "ndcg@10": 0.006847526292968322,
      "precision@10": 0.0010526316473260522,
      "hit_rate@20": 0.015789473429322243,
      "ndcg@20": 0.008086520573845365,
      "precision@20": 0.0007894737063907087
    }
  },
  "after_unlearning": {
    "test": {
      "mse": 459.5505676269531,
      "mae": 19.299949645996094,
      "mrr": 0.009025070860897466,
      "hit_rate@5": 0.007821229286491871,
      "ndcg@5": 0.0047664675800975715,
      "precision@5": 0.001564245903864503,
      "hit_rate@10": 0.014525139704346657,
      "ndcg@10": 0.006918382485982077,
      "precision@10": 0.0014525140868499875,
      "hit_rate@20": 0.029050279408693314,
      "ndcg@20": 0.010516967093857016,
      "precision@20": 0.0014525140868499875
    },
    "forget": {
      "mse": 95.10469055175781,
      "mae": 8.432455062866211,
      "mrr": 0.02272310635266075,
      "hit_rate@5": 0.021052632480859756,
      "ndcg@5": 0.01325148716213684,
      "precision@5": 0.004210526589304209,
      "hit_rate@10": 0.04736842215061188,
      "ndcg@10": 0.021413759331576358,
      "precision@10": 0.00473684212192893,
      "hit_rate@20": 0.0736842080950737,
      "ndcg@20": 0.02782974452564691,
      "precision@20": 0.0036842108238488436
    }
  },
  "summary": {
    "forget_quality": -3.4999999115243594,
    "model_utility": 1.0833333680639055,
    "unlearning_efficacy": 3.137931215736303,
    "test_hit_rate@10_baseline": 0.013407820835709572,
    "test_hit_rate@10_learned": 0.004469273611903191,
    "test_hit_rate@10_unlearned": 0.014525139704346657,
    "forget_hit_rate@10_baseline": 0.03684210404753685,
    "forget_hit_rate@10_learned": 0.010526316240429878,
    "forget_hit_rate@10_unlearned": 0.04736842215061188
  }
}